"save-2a129q39pcfixcxsfqhd4rjfbi5fslt3","0.008595988538681949",""
"save-b0rgbr7l6acdnn1p4xk8v344rv1rhces","0",""
"save-ifuzgvk7z6y22bnuypq4tgt9mivmpnvy","0.029608404966571154",""
"save-kigrgq1a7zz0t7muiry6fd6nx6otzdgg","0",""
"save-lofy8w7eyjlo94vtxjhuntr0ta1weitm","0.0066857688634192934",""
"save-mol728qj6rhall03lbjou1bssrjafxpb","0.07545367717287488",""
"save-nzf15uulnhs1ttdjfzhsi6gbbbqwty63","0.0019102196752626551",""
"save-otoirjvbhan7u92utyn4obt0oi0g3d3h","0",""
"save-phx0lhv6u3xnuvdedjg9rsk83y9yryxz","0.0057306590257879654","extremely annoying to listen to "
"save-wp46y61nlun8a0erx2k5rbz8ziavodne","0.008595988538681949",""
"save-yr9w85abgz1nug4ub86uar9k3qhcddbz","0.0009551098376313276",""
