"save-2a129q39pcfixcxsfqhd4rjfbi5fslt3","0.0019102196752626551",""
"save-b0rgbr7l6acdnn1p4xk8v344rv1rhces","0",""
"save-ifuzgvk7z6y22bnuypq4tgt9mivmpnvy","0.019102196752626553",""
"save-kigrgq1a7zz0t7muiry6fd6nx6otzdgg","0.039159503342884434","Clearly the worst sounding"
"save-lofy8w7eyjlo94vtxjhuntr0ta1weitm","0.010506208213944603",""
"save-mol728qj6rhall03lbjou1bssrjafxpb","0.29512893982808025","Very interesting but annoying"
"save-nzf15uulnhs1ttdjfzhsi6gbbbqwty63","0.010506208213944603",""
"save-otoirjvbhan7u92utyn4obt0oi0g3d3h","0.01623686723973257",""
"save-phx0lhv6u3xnuvdedjg9rsk83y9yryxz","0",""
"save-wp46y61nlun8a0erx2k5rbz8ziavodne","0.0028653295128939827",""
"save-yr9w85abgz1nug4ub86uar9k3qhcddbz","0.010506208213944603",""
